index,value (lcl=-2.5 ucl=2.5)
0,2.22733878
1,-0.59642503
2,0.38748058
3,0.04096949
4,-0.59172204
5,0.54991948
6,0.83157694
7,0.34475987
8,0.32077209
9,0.22190573
10,0.08900655
11,2.18235828
12,1.27339963
13,1.78268688
14,-0.46135011
15,-0.10153148
16,1.15755759
17,0.3260459
18,0.55099812
19,0.68617156
20,-0.55970142
21,-0.06345785
22,0.26442253
23,-0.0145402
24,1.85779703
25,1.02047743
26,-1.86050513
27,1.22360586
28,-1.21395692
29,0.05553756